{
  "patch": [
    {
      "id": null,
      "registry_ref": "sheet:Application Based",
      "old_owner": "data-team",
      "new_owner": "data-team",
      "old_tags": [
        "sheet"
      ],
      "new_tags": [
        "sheet",
        "data"
      ]
    },
    {
      "id": null,
      "registry_ref": "sheet:Assumptions - Proposal infos",
      "old_owner": "data-team",
      "new_owner": "data-team",
      "old_tags": [
        "sheet"
      ],
      "new_tags": [
        "sheet",
        "data"
      ]
    },
    {
      "id": null,
      "registry_ref": "sheet:CoverSheet",
      "old_owner": "data-team",
      "new_owner": "data-team",
      "old_tags": [
        "sheet"
      ],
      "new_tags": [
        "sheet",
        "data"
      ]
    },
    {
      "id": null,
      "registry_ref": "sheet:CurrencyUpdate",
      "old_owner": "data-team",
      "new_owner": "data-team",
      "old_tags": [
        "sheet"
      ],
      "new_tags": [
        "sheet",
        "data"
      ]
    }
  ]
}