{
  "forms": [
    {
      "id": "form:frmComplete",
      "type": "form",
      "name": "frmComplete",
      "path": "data/forms/frmComplete.frm",
      "caption": "Detailed Data Entry Form",
      "width": null,
      "height": null,
      "controls": []
    },
    {
      "id": "form:frmSplash",
      "type": "form",
      "name": "frmSplash",
      "path": "data/forms/frmSplash.frm",
      "caption": "GECE",
      "width": null,
      "height": null,
      "controls": []
    }
  ]
}